{
  "source_file": "00063_step00002.json",
  "shape_id": "00063_step00002",
  "total_blocks": 2,
  "original_data": {
    "dimensions": {
      "length": 4,
      "width": 4,
      "height": 4
    },
    "total_blocks": 2,
    "blocks": [
      {
        "id": 1,
        "x": 0,
        "y": 0,
        "z": 0
      },
      {
        "id": 2,
        "x": 0,
        "y": 0,
        "z": 1
      }
    ]
  },
  "generated_images": [
    "00063_step00002_top.png",
    "00063_step00002_iso.png",
    "00063_step00002_front.png",
    "00063_step00002_side.png",
    "00063_step00002_iso2.png"
  ],
  "camera_views": [
    "top",
    "iso",
    "front",
    "side",
    "iso2"
  ],
  "world_coordinates": [
    {
      "world_x": -0.17850000000000002,
      "world_y": -0.17850000000000002,
      "world_z": 1.055
    },
    {
      "world_x": -0.17850000000000002,
      "world_y": -0.17850000000000002,
      "world_z": 1.105
    }
  ],
  "grid_info": {
    "origin": [
      -0.20400000000000001,
      -0.20400000000000001,
      1.031
    ],
    "cell_size": 0.051000000000000004
  }
}