{
  "source_file": "00061.json",
  "shape_id": "00061",
  "total_blocks": 1,
  "original_data": {
    "dimensions": {
      "length": 4,
      "width": 4,
      "height": 4
    },
    "total_blocks": 1,
    "blocks": [
      {
        "id": 1,
        "x": 1,
        "y": 2,
        "z": 0
      }
    ]
  },
  "generated_images": [
    "00061_top.png",
    "00061_iso.png",
    "00061_front.png",
    "00061_side.png",
    "00061_iso2.png"
  ],
  "camera_views": [
    "top",
    "iso",
    "front",
    "side",
    "iso2"
  ],
  "world_coordinates": [
    {
      "world_x": -0.12750000000000003,
      "world_y": -0.07650000000000001,
      "world_z": 1.055
    }
  ],
  "grid_info": {
    "origin": [
      -0.20400000000000001,
      -0.20400000000000001,
      1.031
    ],
    "cell_size": 0.051000000000000004
  }
}